Label	Comment	Num_Hops	PATH
RedirectedUntilLanded	wikidata.org	3	['https://www.wikidata.org/entity/Q4326093', 'https://www.wikidata.org/wiki/Special:EntityData/Q4326093', 'https://www.wikidata.org/wiki/Special:EntityData/Q4326093.json']
RedirectedUntilLanded	dbpedia.org	6	['http://dbpedia.org/page/Konstadt', 'https://dbpedia.org/page/Konstadt', 'http://dbpedia.org/resource/Wo%C5%82czyn', 'https://dbpedia.org/resource/Wo%C5%82czyn', 'http://dbpedia.org/page/Wo%C5%82czyn', 'https://dbpedia.org/page/Wo%C5%82czyn']
RedirectedUntilTimeout	last.fm	3	['http://www.last.fm/user/windee/', 'https://www.last.fm/user/windee/', 'https://www.last.fm/user/windee']
RedirectedUntilTimeout	dbpedia.org	3	['https://dbpedia.org/resource/Lowell_Murray', 'http://dbpedia.org/page/Lowell_Murray', 'https://dbpedia.org/page/Lowell_Murray']
RedirectedUntilLanded	ja.dbpedia.org	3	['https://ja.dbpedia.org/resource/NBA%E3%82%A8%E3%83%AA%E3%83%BC%E3%83%88', 'http://ja.dbpedia.org/page/NBA%E3%82%A8%E3%83%AA%E3%83%BC%E3%83%88', 'https://ja.dbpedia.org/page/NBA%E3%82%A8%E3%83%AA%E3%83%BC%E3%83%88']
RedirectedUntilLanded	multiple	3	['https://d-nb.info/gnd/170092720', 'https://d-nb.info/gnd/170092720/about/html', 'https://portal.dnb.de/opac.htm?method=simpleSearch&cqlMode=true&query=nid%3D170092720']
RedirectedUntilLanded	wikidata.org	4	['https://wikidata.org/entity/Q15258619', 'https://www.wikidata.org/entity/Q15258619', 'https://www.wikidata.org/wiki/Special:EntityData/Q15258619', 'https://www.wikidata.org/wiki/Special:EntityData/Q15258619.json']
RedirectedUntilLanded	multiple	3	['https://d-nb.info/gnd/1062749200', 'https://d-nb.info/gnd/1062749200/about/html', 'https://portal.dnb.de/opac.htm?method=simpleSearch&cqlMode=true&query=nid%3D1062749200']
RedirectedUntilLanded	multiple	3	['https://d-nb.info/gnd/137453450', 'https://d-nb.info/gnd/137453450/about/html', 'https://portal.dnb.de/opac.htm?method=simpleSearch&cqlMode=true&query=nid%3D137453450']
RedirectedUntilNotFound	mpi-inf.mpg.de	3	['https://www.mpi-inf.mpg.de/yago/resource/Gamma_Ray_Burst_Coordinates_Network', 'https://www.mpi-inf.mpg.de/departments/databases-and-information-systems/research/yago-naga/yago/downloads/Gamma_Ray_Burst_Coordinates_Network', 'https://www.mpi-inf.mpg.de/departments/databases-and-information-systems/research/yago-naga/yago/downloads/gamma_ray_burst_coordinates_network']
RedirectedUntilNotFound	ja.dbpedia.org	3	['https://ja.dbpedia.org/resource/%E6%B7%80%E5%B7%9D%E6%A9%8B%E6%A2%81_(%E5%9F%8E%E6%9D%B1%E8%B2%A8%E7%89%A9%E7%B7%9A)', 'http://ja.dbpedia.org/page/%E6%B7%80%E5%B7%9D%E6%A9%8B%E6%A2%81_(%E5%9F%8E%E6%9D%B1%E8%B2%A8%E7%89%A9%E7%B7%9A)', 'https://ja.dbpedia.org/page/%E6%B7%80%E5%B7%9D%E6%A9%8B%E6%A2%81_(%E5%9F%8E%E6%9D%B1%E8%B2%A8%E7%89%A9%E7%B7%9A)']
RedirectedUntilLanded	bibsonomy.org	3	['https://bibsonomy.org/uri/bibtexkey/journals/compsec/HaarS03/dblp', 'https://www.bibsonomy.org/uri/bibtexkey/journals/compsec/HaarS03/dblp', 'https://www.bibsonomy.org/bibtexkey/journals/compsec/HaarS03/dblp']
RedirectedUntilNotFound	wikidata.org	4	['https://wikidata.org/entity/Q5065096', 'https://www.wikidata.org/entity/Q5065096', 'https://www.wikidata.org/wiki/Special:EntityData/Q5065096', 'https://www.wikidata.org/wiki/Special:EntityData/Q5065096.json']
RedirectedUntilLanded	multiple	3	['https://d-nb.info/gnd/1061461467', 'https://d-nb.info/gnd/1061461467/about/html', 'https://portal.dnb.de/opac.htm?method=simpleSearch&cqlMode=true&query=nid%3D1061461467']
RedirectedUntilNotFound	dbpedia.org	3	['https://dbpedia.org/resource/Category:Sports_teams_in_Comoros', 'http://dbpedia.org/page/Category:Sports_teams_in_Comoros', 'https://dbpedia.org/page/Category:Sports_teams_in_Comoros']
RedirectedUntilTimeout	dbpedia.org	3	['https://dbpedia.org/resource/RuBEn_Rodr%C3%ADguEz_(UruguAyan_footballer)', 'http://dbpedia.org/page/RuBEn_Rodr%C3%ADguEz_(UruguAyan_footballer)', 'https://dbpedia.org/page/RuBEn_Rodr%C3%ADguEz_(UruguAyan_footballer)']
RedirectedUntilLanded	dbpedia.org	3	['https://dbpedia.org/resource/Reda', 'http://dbpedia.org/page/Reda', 'https://dbpedia.org/page/Reda']
RedirectedUntilLanded	wikidata.org	3	['https://www.wikidata.org/entity/Q15978682', 'https://www.wikidata.org/wiki/Special:EntityData/Q15978682', 'https://www.wikidata.org/wiki/Special:EntityData/Q15978682.json']
RedirectedUntilLanded	wikidata.org	3	['https://www.wikidata.org/entity/Q5024551', 'https://www.wikidata.org/wiki/Special:EntityData/Q5024551', 'https://www.wikidata.org/wiki/Special:EntityData/Q5024551.json']
RedirectedUntilTimeout	dbpedia.org	4	['http://dbpedia.org/resource/Concei%C3%A7%C3%A3o_Lima', 'https://dbpedia.org/resource/Concei%C3%A7%C3%A3o_Lima', 'http://dbpedia.org/page/Concei%C3%A7%C3%A3o_Lima', 'https://dbpedia.org/page/Concei%C3%A7%C3%A3o_Lima']
RedirectedUntilLanded	es.dbpedia.org	3	['https://es.dbpedia.org/resource/Dawlatabad_(F%C4%81ry%C4%81b)', 'http://es.dbpedia.org/page/Dawlatabad_(F%C4%81ry%C4%81b)', 'https://es.dbpedia.org/page/Dawlatabad_(F%C4%81ry%C4%81b)']
RedirectedUntilLanded	multiple	3	['https://d-nb.info/gnd/142674451', 'https://d-nb.info/gnd/142674451/about/html', 'https://portal.dnb.de/opac.htm?method=simpleSearch&cqlMode=true&query=nid%3D142674451']
RedirectedUntilLanded	wikidata.org	4	['https://wikidata.org/entity/Q6910951', 'https://www.wikidata.org/entity/Q6910951', 'https://www.wikidata.org/wiki/Special:EntityData/Q6910951', 'https://www.wikidata.org/wiki/Special:EntityData/Q6910951.json']
RedirectedUntilNotFound	mpi-inf.mpg.de	3	['https://www.mpi-inf.mpg.de/yago/resource/Boardman_River', 'https://www.mpi-inf.mpg.de/departments/databases-and-information-systems/research/yago-naga/yago/downloads/Boardman_River', 'https://www.mpi-inf.mpg.de/departments/databases-and-information-systems/research/yago-naga/yago/downloads/boardman_river']
RedirectedUntilLanded	es.dbpedia.org	3	['https://es.dbpedia.org/resource/Plantilla:Geodatos_Prefectura_de_Okinawa', 'http://es.dbpedia.org/page/Plantilla:Geodatos_Prefectura_de_Okinawa', 'https://es.dbpedia.org/page/Plantilla:Geodatos_Prefectura_de_Okinawa']
RedirectedUntilLanded	wikidata.org	3	['https://www.wikidata.org/entity/Q4851852', 'https://www.wikidata.org/wiki/Special:EntityData/Q4851852', 'https://www.wikidata.org/wiki/Special:EntityData/Q4851852.json']
RedirectedUntilLanded	multiple	3	['https://d-nb.info/gnd/113050607', 'https://d-nb.info/gnd/113050607/about/html', 'https://portal.dnb.de/opac.htm?method=simpleSearch&cqlMode=true&query=nid%3D113050607']
RedirectedUntilLanded	multiple	3	['https://d-nb.info/gnd/178094226', 'https://d-nb.info/gnd/178094226/about/html', 'https://portal.dnb.de/opac.htm?method=simpleSearch&cqlMode=true&query=nid%3D178094226']
RedirectedUntilLanded	wikidata.org	3	['https://www.wikidata.org/entity/Q5659506', 'https://www.wikidata.org/wiki/Special:EntityData/Q5659506', 'https://www.wikidata.org/wiki/Special:EntityData/Q5659506.json']
RedirectedUntilLanded	eu.dbpedia.org	3	['https://eu.dbpedia.org/resource/%C3%89cole_(Savoia)', 'http://eu.dbpedia.org/page/%C3%89cole_(Savoia)', 'https://eu.dbpedia.org/page/%C3%89cole_(Savoia)']
RedirectedUntilLanded	dbpedia.org	6	['http://dbpedia.org/page/Se%C3%AE_Taishogun', 'https://dbpedia.org/page/Se%C3%AE_Taishogun', 'http://dbpedia.org/resource/Shogun', 'https://dbpedia.org/resource/Shogun', 'http://dbpedia.org/page/Shogun', 'https://dbpedia.org/page/Shogun']
RedirectedUntilLanded	ja.dbpedia.org	4	['http://ja.dbpedia.org/resource/Category:%E7%A5%9E%E5%A5%88%E5%B7%9D%E7%9C%8C%E3%81%AE%E5%B9%BC%E7%A8%9A%E5%9C%92', 'https://ja.dbpedia.org/resource/Category:%E7%A5%9E%E5%A5%88%E5%B7%9D%E7%9C%8C%E3%81%AE%E5%B9%BC%E7%A8%9A%E5%9C%92', 'http://ja.dbpedia.org/page/Category:%E7%A5%9E%E5%A5%88%E5%B7%9D%E7%9C%8C%E3%81%AE%E5%B9%BC%E7%A8%9A%E5%9C%92', 'https://ja.dbpedia.org/page/Category:%E7%A5%9E%E5%A5%88%E5%B7%9D%E7%9C%8C%E3%81%AE%E5%B9%BC%E7%A8%9A%E5%9C%92']
RedirectedUntilLanded	wikidata.org	3	['https://www.wikidata.org/entity/Q10372123', 'https://www.wikidata.org/wiki/Special:EntityData/Q10372123', 'https://www.wikidata.org/wiki/Special:EntityData/Q10372123.json']
RedirectedUntilLanded	dbpedia.org	4	['http://dbpedia.org/resource/Birchwood_(town),_Wisconsin', 'https://dbpedia.org/resource/Birchwood_(town),_Wisconsin', 'http://dbpedia.org/page/Birchwood_(town),_Wisconsin', 'https://dbpedia.org/page/Birchwood_(town),_Wisconsin']
RedirectedUntilLanded	multiple	4	['https://d-nb.info/gnd/141056762', 'https://d-nb.info/gnd/116991836', 'https://d-nb.info/gnd/116991836/about/html', 'https://portal.dnb.de/opac.htm?method=simpleSearch&cqlMode=true&query=nid%3D116991836']
RedirectedUntilLanded	bibsonomy.org	3	['https://bibsonomy.org/uri/bibtexkey/journals/icl/DenisPR14/dblp', 'https://www.bibsonomy.org/uri/bibtexkey/journals/icl/DenisPR14/dblp', 'https://www.bibsonomy.org/bibtexkey/journals/icl/DenisPR14/dblp']
RedirectedUntilLanded	bibsonomy.org	3	['https://bibsonomy.org/uri/bibtexkey/conf/semco/ChakrabortyH10/dblp', 'https://www.bibsonomy.org/uri/bibtexkey/conf/semco/ChakrabortyH10/dblp', 'https://www.bibsonomy.org/bibtexkey/conf/semco/ChakrabortyH10/dblp']
RedirectedUntilLanded	dbpedia.org	3	['https://dbpedia.org/resource/Sriram_Chauhan', 'http://dbpedia.org/page/Sriram_Chauhan', 'https://dbpedia.org/page/Sriram_Chauhan']
RedirectedUntilLanded	ja.dbpedia.org	3	['https://ja.dbpedia.org/resource/Category:%E6%97%A5%E6%9C%AC%E5%8F%A4%E4%BB%A3%E5%8F%B2%E5%AD%A6%E8%80%85', 'http://ja.dbpedia.org/page/Category:%E6%97%A5%E6%9C%AC%E5%8F%A4%E4%BB%A3%E5%8F%B2%E5%AD%A6%E8%80%85', 'https://ja.dbpedia.org/page/Category:%E6%97%A5%E6%9C%AC%E5%8F%A4%E4%BB%A3%E5%8F%B2%E5%AD%A6%E8%80%85']
RedirectedUntilLanded	hu.dbpedia.org	3	['http://hu.dbpedia.org/resource/Sablon:N%C3%A9pess%C3%A9g/Tasn%C3%A1dcs%C3%A1ny', 'https://hu.dbpedia.org/resource/Sablon:N%C3%A9pess%C3%A9g/Tasn%C3%A1dcs%C3%A1ny', 'https://hu.dbpedia.org/page/Sablon:N%C3%A9pess%C3%A9g/Tasn%C3%A1dcs%C3%A1ny']
RedirectedUntilLanded	wikidata.org	3	['https://www.wikidata.org/entity/Q11269075', 'https://www.wikidata.org/wiki/Special:EntityData/Q11269075', 'https://www.wikidata.org/wiki/Special:EntityData/Q11269075.json']
RedirectedUntilLanded	dbpedia.org	4	['http://dbpedia.org/resource/Rurouni_Kenshin', 'https://dbpedia.org/resource/Rurouni_Kenshin', 'http://dbpedia.org/page/Rurouni_Kenshin', 'https://dbpedia.org/page/Rurouni_Kenshin']
RedirectedUntilLanded	dbpedia.org	7	['https://dbpedia.org/resource/Philip_de_Cro%C3%BF,_Lord_of_Aerschot', 'http://dbpedia.org/page/Philip_de_Cro%C3%BF,_Lord_of_Aerschot', 'https://dbpedia.org/page/Philip_de_Cro%C3%BF,_Lord_of_Aerschot', 'http://dbpedia.org/resource/House_of_Cro%C3%BF', 'https://dbpedia.org/resource/House_of_Cro%C3%BF', 'http://dbpedia.org/page/House_of_Cro%C3%BF', 'https://dbpedia.org/page/House_of_Cro%C3%BF']
RedirectedUntilNotFound	dbpedia.org	3	['https://dbpedia.org/resource/Coupe_de_la_Ligue_(ice_hockey)', 'http://dbpedia.org/page/Coupe_de_la_Ligue_(ice_hockey)', 'https://dbpedia.org/page/Coupe_de_la_Ligue_(ice_hockey)']
RedirectedUntilLanded	ja.dbpedia.org	3	['https://ja.dbpedia.org/resource/%E6%B0%8F%E7%A5%80', 'http://ja.dbpedia.org/page/%E6%B0%8F%E7%A5%80', 'https://ja.dbpedia.org/page/%E6%B0%8F%E7%A5%80']
RedirectedUntilLanded	wikidata.org	3	['https://www.wikidata.org/entity/Q12048956', 'https://www.wikidata.org/wiki/Special:EntityData/Q12048956', 'https://www.wikidata.org/wiki/Special:EntityData/Q12048956.json']
RedirectedUntilNotFound	wikidata.org	4	['https://wikidata.org/entity/Q16799215', 'https://www.wikidata.org/entity/Q16799215', 'https://www.wikidata.org/wiki/Special:EntityData/Q16799215', 'https://www.wikidata.org/wiki/Special:EntityData/Q16799215.json']
RedirectedUntilLanded	es.dbpedia.org	4	['http://es.dbpedia.org/resource/D%C3%ADa_internacional_de_la_enfermera', 'https://es.dbpedia.org/resource/D%C3%ADa_internacional_de_la_enfermera', 'http://es.dbpedia.org/page/D%C3%ADa_internacional_de_la_enfermera', 'https://es.dbpedia.org/page/D%C3%ADa_internacional_de_la_enfermera']
RedirectedUntilNotFound	dbpedia.org	6	['http://dbpedia.org/page/Miroslav_Koenig', 'https://dbpedia.org/page/Miroslav_Koenig', 'http://dbpedia.org/resource/Miroslav_K%C3%B6nig', 'https://dbpedia.org/resource/Miroslav_K%C3%B6nig', 'http://dbpedia.org/page/Miroslav_K%C3%B6nig', 'https://dbpedia.org/page/Miroslav_K%C3%B6nig']
RedirectedUntilLanded	wikidata.org	3	['https://www.wikidata.org/entity/Q3067827', 'https://www.wikidata.org/wiki/Special:EntityData/Q3067827', 'https://www.wikidata.org/wiki/Special:EntityData/Q3067827.json']
RedirectedUntilTimeout	viaf.org	4	['https://viaf.org/viaf/92852988/', 'https://viaf.org/29550299', 'https://viaf.org/viaf/29550299', 'https://viaf.org/viaf/29550299/']
RedirectedUntilLanded	ja.dbpedia.org	3	['https://ja.dbpedia.org/resource/%E3%82%A4%E3%82%BF%E3%82%A6%E9%8A%80%E8%A1%8C', 'http://ja.dbpedia.org/page/%E3%82%A4%E3%82%BF%E3%82%A6%E9%8A%80%E8%A1%8C', 'https://ja.dbpedia.org/page/%E3%82%A4%E3%82%BF%E3%82%A6%E9%8A%80%E8%A1%8C']
RedirectedUntilLanded	dbpedia.org	5	['https://dbpedia.org/page/Green_Bay_Police_Department_(Wisconsin)', 'http://dbpedia.org/resource/Green_Bay,_Wisconsin', 'https://dbpedia.org/resource/Green_Bay,_Wisconsin', 'http://dbpedia.org/page/Green_Bay,_Wisconsin', 'https://dbpedia.org/page/Green_Bay,_Wisconsin']
RedirectedUntilLanded	wikidata.org	4	['https://wikidata.org/entity/Q4122071', 'https://www.wikidata.org/entity/Q4122071', 'https://www.wikidata.org/wiki/Special:EntityData/Q4122071', 'https://www.wikidata.org/wiki/Special:EntityData/Q4122071.json']
RedirectedUntilNotFound	mpi-inf.mpg.de	3	['https://www.mpi-inf.mpg.de/yago/resource/Broadcast_media_in_Tulsa', 'https://www.mpi-inf.mpg.de/departments/databases-and-information-systems/research/yago-naga/yago/downloads/Broadcast_media_in_Tulsa', 'https://www.mpi-inf.mpg.de/departments/databases-and-information-systems/research/yago-naga/yago/downloads/broadcast_media_in_tulsa']
RedirectedUntilLanded	ja.dbpedia.org	3	['https://ja.dbpedia.org/resource/%E3%82%A2%E3%83%88%E3%83%A0%E6%A0%AA%E5%BC%8F%E4%BC%9A%E7%A4%BE', 'http://ja.dbpedia.org/page/%E3%82%A2%E3%83%88%E3%83%A0%E6%A0%AA%E5%BC%8F%E4%BC%9A%E7%A4%BE', 'https://ja.dbpedia.org/page/%E3%82%A2%E3%83%88%E3%83%A0%E6%A0%AA%E5%BC%8F%E4%BC%9A%E7%A4%BE']
RedirectedUntilLanded	multiple	3	['https://d-nb.info/gnd/18369130X', 'https://d-nb.info/gnd/18369130X/about/html', 'https://portal.dnb.de/opac.htm?method=simpleSearch&cqlMode=true&query=nid%3D18369130X']
RedirectedUntilLanded	ja.dbpedia.org	3	['https://ja.dbpedia.org/resource/%E5%85%89%E3%81%8C%E4%B8%98_(%E7%B7%B4%E9%A6%AC%E5%8C%BA)', 'http://ja.dbpedia.org/page/%E5%85%89%E3%81%8C%E4%B8%98_(%E7%B7%B4%E9%A6%AC%E5%8C%BA)', 'https://ja.dbpedia.org/page/%E5%85%89%E3%81%8C%E4%B8%98_(%E7%B7%B4%E9%A6%AC%E5%8C%BA)']
RedirectedUntilLanded	multiple	3	['https://d-nb.info/gnd/189176334', 'https://d-nb.info/gnd/189176334/about/html', 'https://portal.dnb.de/opac.htm?method=simpleSearch&cqlMode=true&query=nid%3D189176334']
RedirectedUntilLanded	wikidata.org	3	['https://www.wikidata.org/entity/Q1409325', 'https://www.wikidata.org/wiki/Special:EntityData/Q1409325', 'https://www.wikidata.org/wiki/Special:EntityData/Q1409325.json']
RedirectedUntilLanded	wikidata.org	3	['https://www.wikidata.org/entity/Q15940752', 'https://www.wikidata.org/wiki/Special:EntityData/Q15940752', 'https://www.wikidata.org/wiki/Special:EntityData/Q15940752.json']
RedirectedUntilLanded	dbpedia.org	3	['https://dbpedia.org/resource/Eski_Hissarlik', 'http://dbpedia.org/page/Eski_Hissarlik', 'https://dbpedia.org/page/Eski_Hissarlik']
RedirectedUntilLanded	wikidata.org	3	['https://www.wikidata.org/entity/Q4632990', 'https://www.wikidata.org/wiki/Special:EntityData/Q4632990', 'https://www.wikidata.org/wiki/Special:EntityData/Q4632990.json']
RedirectedUntilLanded	bibsonomy.org	3	['https://bibsonomy.org/uri/bibtexkey/conf/ijcai/Brazdil77/dblp', 'https://www.bibsonomy.org/uri/bibtexkey/conf/ijcai/Brazdil77/dblp', 'https://www.bibsonomy.org/bibtexkey/conf/ijcai/Brazdil77/dblp']
RedirectedUntilLanded	wikidata.org	3	['https://www.wikidata.org/entity/Q8456137', 'https://www.wikidata.org/wiki/Special:EntityData/Q8456137', 'https://www.wikidata.org/wiki/Special:EntityData/Q8456137.json']
RedirectedUntilNotFound	dbpedia.org	3	['https://dbpedia.org/resource/Nawab_Singh_Chauhan', 'http://dbpedia.org/page/Nawab_Singh_Chauhan', 'https://dbpedia.org/page/Nawab_Singh_Chauhan']
RedirectedUntilLanded	last.fm	3	['http://www.last.fm/user/FFFTheEvilOne/', 'https://www.last.fm/user/FFFTheEvilOne/', 'https://www.last.fm/user/FFFTheEvilOne']
RedirectedUntilLanded	ja.dbpedia.org	3	['https://ja.dbpedia.org/resource/FDR%E3%83%89%E3%83%A9%E3%82%A4%E3%83%96', 'http://ja.dbpedia.org/page/FDR%E3%83%89%E3%83%A9%E3%82%A4%E3%83%96', 'https://ja.dbpedia.org/page/FDR%E3%83%89%E3%83%A9%E3%82%A4%E3%83%96']
RedirectedUntilLanded	wikidata.org	4	['https://wikidata.org/entity/Q1018732', 'https://www.wikidata.org/entity/Q1018732', 'https://www.wikidata.org/wiki/Special:EntityData/Q1018732', 'https://www.wikidata.org/wiki/Special:EntityData/Q1018732.json']
RedirectedUntilLanded	multiple	5	['http://lobid.org/resources/ZDB2041371-3', 'http://ld.zdb-services.de/resource/2041371-3', 'https://ld.zdb-services.de/resource/2041371-3', 'https://ld.zdb-services.de/data/2041371-3.html', 'https://zdb-katalog.de/title.xhtml?zdbid=2041371-3']
RedirectedUntilLanded	dbpedia.org	4	['http://dbpedia.org/resource/Saro_Urz%C3%AC', 'https://dbpedia.org/resource/Saro_Urz%C3%AC', 'http://dbpedia.org/page/Saro_Urz%C3%AC', 'https://dbpedia.org/page/Saro_Urz%C3%AC']
RedirectedUntilLanded	hu.dbpedia.org	3	['http://hu.dbpedia.org/resource/1967-es_FA-kupa-d%C3%B6nt%C5%91', 'https://hu.dbpedia.org/resource/1967-es_FA-kupa-d%C3%B6nt%C5%91', 'https://hu.dbpedia.org/page/1967-es_FA-kupa-d%C3%B6nt%C5%91']
RedirectedUntilLanded	wikidata.org	3	['https://www.wikidata.org/entity/Q5885830', 'https://www.wikidata.org/wiki/Special:EntityData/Q5885830', 'https://www.wikidata.org/wiki/Special:EntityData/Q5885830.json']
RedirectedUntilLanded	wikidata.org	3	['https://www.wikidata.org/entity/Q9381661', 'https://www.wikidata.org/wiki/Special:EntityData/Q9381661', 'https://www.wikidata.org/wiki/Special:EntityData/Q9381661.json']
RedirectedUntilLanded	multiple	5	['http://lobid.org/resources/ZDB2654222-5', 'http://ld.zdb-services.de/resource/2654222-5', 'https://ld.zdb-services.de/resource/2654222-5', 'https://ld.zdb-services.de/data/2654222-5.html', 'https://zdb-katalog.de/title.xhtml?zdbid=2654222-5']
RedirectedUntilLanded	ja.dbpedia.org	4	['http://ja.dbpedia.org/resource/%E3%83%AC%E3%83%B4%E3%82%A3', 'https://ja.dbpedia.org/resource/%E3%83%AC%E3%83%B4%E3%82%A3', 'http://ja.dbpedia.org/page/%E3%83%AC%E3%83%B4%E3%82%A3', 'https://ja.dbpedia.org/page/%E3%83%AC%E3%83%B4%E3%82%A3']
RedirectedUntilLanded	wikidata.org	3	['https://www.wikidata.org/entity/Q10386746', 'https://www.wikidata.org/wiki/Special:EntityData/Q10386746', 'https://www.wikidata.org/wiki/Special:EntityData/Q10386746.json']
RedirectedUntilLanded	wikidata.org	3	['https://www.wikidata.org/entity/Q6702261', 'https://www.wikidata.org/wiki/Special:EntityData/Q6702261', 'https://www.wikidata.org/wiki/Special:EntityData/Q6702261.json']
RedirectedUntilLanded	multiple	3	['https://d-nb.info/gnd/103714967X', 'https://d-nb.info/gnd/103714967X/about/html', 'https://portal.dnb.de/opac.htm?method=simpleSearch&cqlMode=true&query=nid%3D103714967X']
RedirectedUntilTimeout	dbpedia.org	4	['http://dbpedia.org/resource/KGTN-LP', 'https://dbpedia.org/resource/KGTN-LP', 'http://dbpedia.org/page/KGTN-LP', 'https://dbpedia.org/page/KGTN-LP']
RedirectedUntilLanded	eu.dbpedia.org	3	['https://eu.dbpedia.org/resource/Ouluko_diozesia', 'http://eu.dbpedia.org/page/Ouluko_diozesia', 'https://eu.dbpedia.org/page/Ouluko_diozesia']
RedirectedUntilLanded	es.dbpedia.org	4	['http://es.dbpedia.org/resource/Categor%C3%ADa:Te%C3%B3logos_anglicanos', 'https://es.dbpedia.org/resource/Categor%C3%ADa:Te%C3%B3logos_anglicanos', 'http://es.dbpedia.org/page/Categor%C3%ADa:Te%C3%B3logos_anglicanos', 'https://es.dbpedia.org/page/Categor%C3%ADa:Te%C3%B3logos_anglicanos']
RedirectedUntilLanded	dbpedia.org	3	['https://dbpedia.org/resource/Cercospora_zonata', 'http://dbpedia.org/page/Cercospora_zonata', 'https://dbpedia.org/page/Cercospora_zonata']
RedirectedUntilLanded	dbpedia.org	3	['https://dbpedia.org/resource/FC_Zvezda_Perm', 'http://dbpedia.org/page/FC_Zvezda_Perm', 'https://dbpedia.org/page/FC_Zvezda_Perm']
RedirectedUntilLanded	multiple	3	['https://d-nb.info/gnd/133467090', 'https://d-nb.info/gnd/133467090/about/html', 'https://portal.dnb.de/opac.htm?method=simpleSearch&cqlMode=true&query=nid%3D133467090']
RedirectedUntilLanded	dbpedia.org	7	['https://dbpedia.org/resource/%C3%89ire_%C3%93g_Anacarty_GAA', 'http://dbpedia.org/page/%C3%89ire_%C3%93g_Anacarty_GAA', 'https://dbpedia.org/page/%C3%89ire_%C3%93g_Anacarty_GAA', 'http://dbpedia.org/resource/%C3%89ire_%C3%93g_Annacarty_GAA', 'https://dbpedia.org/resource/%C3%89ire_%C3%93g_Annacarty_GAA', 'http://dbpedia.org/page/%C3%89ire_%C3%93g_Annacarty_GAA', 'https://dbpedia.org/page/%C3%89ire_%C3%93g_Annacarty_GAA']
RedirectedUntilTimeout	dbpedia.org	5	['https://dbpedia.org/page/Kigali_Province_(Rwanda)', 'http://dbpedia.org/resource/Kigali', 'https://dbpedia.org/resource/Kigali', 'http://dbpedia.org/page/Kigali', 'https://dbpedia.org/page/Kigali']
RedirectedUntilLanded	es.dbpedia.org	3	['https://es.dbpedia.org/resource/Canto_del_arpista', 'http://es.dbpedia.org/page/Canto_del_arpista', 'https://es.dbpedia.org/page/Canto_del_arpista']
RedirectedUntilLanded	wikidata.org	3	['https://www.wikidata.org/entity/Q8237840', 'https://www.wikidata.org/wiki/Special:EntityData/Q8237840', 'https://www.wikidata.org/wiki/Special:EntityData/Q8237840.json']
RedirectedUntilLanded	dbpedia.org	3	['https://dbpedia.org/resource/Taining_County', 'http://dbpedia.org/page/Taining_County', 'https://dbpedia.org/page/Taining_County']
RedirectedUntilLanded	wikidata.org	3	['https://www.wikidata.org/entity/Q8703351', 'https://www.wikidata.org/wiki/Special:EntityData/Q8703351', 'https://www.wikidata.org/wiki/Special:EntityData/Q8703351.json']
RedirectedUntilLanded	wikidata.org	3	['https://www.wikidata.org/entity/Q13038748', 'https://www.wikidata.org/wiki/Special:EntityData/Q13038748', 'https://www.wikidata.org/wiki/Special:EntityData/Q13038748.json']
RedirectedUntilLanded	wikidata.org	3	['https://www.wikidata.org/entity/Q15218048', 'https://www.wikidata.org/wiki/Special:EntityData/Q15218048', 'https://www.wikidata.org/wiki/Special:EntityData/Q15218048.json']
RedirectedUntilNotFound	dbpedia.org	4	['http://dbpedia.org/resource/Everything_Goes_Wrong', 'https://dbpedia.org/resource/Everything_Goes_Wrong', 'http://dbpedia.org/page/Everything_Goes_Wrong', 'https://dbpedia.org/page/Everything_Goes_Wrong']
RedirectedUntilLanded	wikidata.org	4	['https://wikidata.org/entity/Q919588', 'https://www.wikidata.org/entity/Q919588', 'https://www.wikidata.org/wiki/Special:EntityData/Q919588', 'https://www.wikidata.org/wiki/Special:EntityData/Q919588.json']
RedirectedUntilLanded	bibsonomy.org	3	['https://bibsonomy.org/uri/bibtexkey/journals/combinatorica/Iwata96/dblp', 'https://www.bibsonomy.org/uri/bibtexkey/journals/combinatorica/Iwata96/dblp', 'https://www.bibsonomy.org/bibtexkey/journals/combinatorica/Iwata96/dblp']
RedirectedUntilLanded	dbpedia.org	7	['https://dbpedia.org/resource/The_Third_Part_of_Henry_the_Sixt', 'http://dbpedia.org/page/The_Third_Part_of_Henry_the_Sixt', 'https://dbpedia.org/page/The_Third_Part_of_Henry_the_Sixt', 'http://dbpedia.org/resource/Henry_VI,_Part_3', 'https://dbpedia.org/resource/Henry_VI,_Part_3', 'http://dbpedia.org/page/Henry_VI,_Part_3', 'https://dbpedia.org/page/Henry_VI,_Part_3']
RedirectedUntilNotFound	dbpedia.org	3	['https://dbpedia.org/resource/Jos%C3%A9_A._MuguErza', 'http://dbpedia.org/page/Jos%C3%A9_A._MuguErza', 'https://dbpedia.org/page/Jos%C3%A9_A._MuguErza']
RedirectedUntilLanded	multiple	3	['https://d-nb.info/gnd/12032153X', 'https://d-nb.info/gnd/12032153X/about/html', 'https://portal.dnb.de/opac.htm?method=simpleSearch&cqlMode=true&query=nid%3D12032153X']
RedirectedUntilLanded	es.dbpedia.org	3	['https://es.dbpedia.org/resource/Ornitomanc%C3%ADa', 'http://es.dbpedia.org/page/Ornitomanc%C3%ADa', 'https://es.dbpedia.org/page/Ornitomanc%C3%ADa']
